<?xml version="1.0" encoding="UTF-8"?>
<org.olat.course.tree.CourseEditorTreeModel>
  <rootNode class="org.olat.course.tree.CourseEditorTreeNode">
    <ident>85256147492408</ident>
    <children>
      <org.olat.course.tree.CourseEditorTreeNode>
        <ident>85269333829400</ident>
        <parent class="org.olat.course.tree.CourseEditorTreeNode" reference="../../.."/>
        <accessible>true</accessible>
        <selected>false</selected>
        <cn class="org.olat.course.nodes.TUCourseNode">
          <ident>85269333829400</ident>
          <type>tu</type>
          <shortTitle>Manuals</shortTitle>
          <longTitle>OpenOLAT Manuals</longTitle>
          <learningObjectives></learningObjectives>
          <displayOption>content</displayOption>
          <moduleConfiguration>
            <config>
              <entry>
                <string>port</string>
                <int>80</int>
              </entry>
              <entry>
                <string>startpage</string>
                <string>false</string>
              </entry>
              <entry>
                <string>host</string>
                <string>www.openolat.org</string>
              </entry>
              <entry>
                <string>iniframe</string>
                <string>true</string>
              </entry>
              <entry>
                <string>configversion</string>
                <int>2</int>
              </entry>
              <entry>
                <string>query</string>
                <null/>
              </entry>
              <entry>
                <string>extern</string>
                <string>false</string>
              </entry>
              <entry>
                <string>useframetunnel</string>
                <string>true</string>
              </entry>
              <entry>
                <string>uri</string>
                <string>/documentation.html</string>
              </entry>
              <entry>
                <string>user</string>
                <null/>
              </entry>
              <entry>
                <string>proto</string>
                <string>http</string>
              </entry>
              <entry>
                <string>pass</string>
                <string></string>
              </entry>
            </config>
          </moduleConfiguration>
          <noAccessExplanation>Dieses Kurselement ist nicht zugänglich.</noAccessExplanation>
          <preConditionVisibility>
            <expertMode>false</expertMode>
            <easyModeCoachesAndAdmins>false</easyModeCoachesAndAdmins>
            <easyModeAlwaysAllowCoachesAndAdmins>false</easyModeAlwaysAllowCoachesAndAdmins>
          </preConditionVisibility>
          <preConditionAccess>
            <expertMode>false</expertMode>
            <easyModeCoachesAndAdmins>false</easyModeCoachesAndAdmins>
            <easyModeAlwaysAllowCoachesAndAdmins>false</easyModeAlwaysAllowCoachesAndAdmins>
          </preConditionAccess>
        </cn>
        <dirty>false</dirty>
        <deleted>false</deleted>
        <newnode>false</newnode>
      </org.olat.course.tree.CourseEditorTreeNode>
      <org.olat.course.tree.CourseEditorTreeNode>
        <ident>85269333829353</ident>
        <parent class="org.olat.course.tree.CourseEditorTreeNode" reference="../../.."/>
        <accessible>true</accessible>
        <selected>false</selected>
        <cn class="org.olat.course.nodes.SPCourseNode">
          <ident>85269333829353</ident>
          <type>sp</type>
          <shortTitle>Mailing List</shortTitle>
          <longTitle>OpenOLAT Mailing List</longTitle>
          <learningObjectives></learningObjectives>
          <displayOption>content</displayOption>
          <moduleConfiguration>
            <config>
              <entry>
                <string>startpage</string>
                <string>false</string>
              </entry>
              <entry>
                <string>allowRelativeLinks</string>
                <string>false</string>
              </entry>
              <entry>
                <string>configversion</string>
                <int>3</int>
              </entry>
              <entry>
                <string>file</string>
                <string>/mailinglist.html</string>
              </entry>
            </config>
          </moduleConfiguration>
          <noAccessExplanation>Dieses Kurselement ist nicht zugänglich.</noAccessExplanation>
          <preConditionVisibility>
            <expertMode>false</expertMode>
            <easyModeCoachesAndAdmins>false</easyModeCoachesAndAdmins>
            <easyModeAlwaysAllowCoachesAndAdmins>false</easyModeAlwaysAllowCoachesAndAdmins>
          </preConditionVisibility>
          <preConditionAccess>
            <expertMode>false</expertMode>
            <easyModeCoachesAndAdmins>false</easyModeCoachesAndAdmins>
            <easyModeAlwaysAllowCoachesAndAdmins>false</easyModeAlwaysAllowCoachesAndAdmins>
          </preConditionAccess>
        </cn>
        <dirty>false</dirty>
        <deleted>false</deleted>
        <newnode>false</newnode>
      </org.olat.course.tree.CourseEditorTreeNode>
      <org.olat.course.tree.CourseEditorTreeNode>
        <ident>85269333829364</ident>
        <parent class="org.olat.course.tree.CourseEditorTreeNode" reference="../../.."/>
        <accessible>true</accessible>
        <selected>false</selected>
        <cn class="org.olat.course.nodes.SPCourseNode">
          <ident>85269333829364</ident>
          <type>sp</type>
          <shortTitle>Community</shortTitle>
          <longTitle>OpenOLAT Community Server</longTitle>
          <learningObjectives></learningObjectives>
          <displayOption>content</displayOption>
          <moduleConfiguration>
            <config>
              <entry>
                <string>startpage</string>
                <string>false</string>
              </entry>
              <entry>
                <string>allowRelativeLinks</string>
                <string>false</string>
              </entry>
              <entry>
                <string>configversion</string>
                <int>3</int>
              </entry>
              <entry>
                <string>file</string>
                <string>/community.html</string>
              </entry>
            </config>
          </moduleConfiguration>
          <noAccessExplanation>Dieses Kurselement ist nicht zugänglich.</noAccessExplanation>
          <preConditionVisibility>
            <expertMode>false</expertMode>
            <easyModeCoachesAndAdmins>false</easyModeCoachesAndAdmins>
            <easyModeAlwaysAllowCoachesAndAdmins>false</easyModeAlwaysAllowCoachesAndAdmins>
          </preConditionVisibility>
          <preConditionAccess>
            <expertMode>false</expertMode>
            <easyModeCoachesAndAdmins>false</easyModeCoachesAndAdmins>
            <easyModeAlwaysAllowCoachesAndAdmins>false</easyModeAlwaysAllowCoachesAndAdmins>
          </preConditionAccess>
        </cn>
        <dirty>false</dirty>
        <deleted>false</deleted>
        <newnode>false</newnode>
      </org.olat.course.tree.CourseEditorTreeNode>
      <org.olat.course.tree.CourseEditorTreeNode>
        <ident>85269333829378</ident>
        <parent class="org.olat.course.tree.CourseEditorTreeNode" reference="../../.."/>
        <accessible>true</accessible>
        <selected>false</selected>
        <cn class="org.olat.course.nodes.SPCourseNode">
          <ident>85269333829378</ident>
          <type>sp</type>
          <shortTitle>Twitter</shortTitle>
          <longTitle>Twitter Feed</longTitle>
          <learningObjectives></learningObjectives>
          <displayOption>content</displayOption>
          <moduleConfiguration>
            <config>
              <entry>
                <string>startpage</string>
                <string>false</string>
              </entry>
              <entry>
                <string>allowRelativeLinks</string>
                <string>false</string>
              </entry>
              <entry>
                <string>configversion</string>
                <int>3</int>
              </entry>
              <entry>
                <string>file</string>
                <string>/twitterfeed.html</string>
              </entry>
            </config>
          </moduleConfiguration>
          <noAccessExplanation>Dieses Kurselement ist nicht zugänglich.</noAccessExplanation>
          <preConditionVisibility>
            <expertMode>false</expertMode>
            <easyModeCoachesAndAdmins>false</easyModeCoachesAndAdmins>
            <easyModeAlwaysAllowCoachesAndAdmins>false</easyModeAlwaysAllowCoachesAndAdmins>
          </preConditionVisibility>
          <preConditionAccess>
            <expertMode>false</expertMode>
            <easyModeCoachesAndAdmins>false</easyModeCoachesAndAdmins>
            <easyModeAlwaysAllowCoachesAndAdmins>false</easyModeAlwaysAllowCoachesAndAdmins>
          </preConditionAccess>
        </cn>
        <dirty>false</dirty>
        <deleted>false</deleted>
        <newnode>false</newnode>
      </org.olat.course.tree.CourseEditorTreeNode>
    </children>
    <accessible>true</accessible>
    <selected>false</selected>
    <cn class="org.olat.course.nodes.STCourseNode">
      <ident>85256147492408</ident>
      <type>st</type>
      <shortTitle>OpenOLAT Help</shortTitle>
      <longTitle>OpenOLAT Help</longTitle>
      <learningObjectives></learningObjectives>
      <displayOption>content</displayOption>
      <moduleConfiguration>
        <config>
          <entry>
            <string>allowRelativeLinks</string>
            <string>false</string>
          </entry>
          <entry>
            <string>configversion</string>
            <int>3</int>
          </entry>
          <entry>
            <string>file</string>
            <string>/intro.html</string>
          </entry>
          <entry>
            <string>columns</string>
            <int>2</int>
          </entry>
          <entry>
            <string>display</string>
            <string>file</string>
          </entry>
        </config>
      </moduleConfiguration>
      <preConditionVisibility>
        <expertMode>false</expertMode>
        <easyModeCoachesAndAdmins>false</easyModeCoachesAndAdmins>
        <easyModeAlwaysAllowCoachesAndAdmins>false</easyModeAlwaysAllowCoachesAndAdmins>
      </preConditionVisibility>
      <preConditionAccess>
        <expertMode>false</expertMode>
        <easyModeCoachesAndAdmins>false</easyModeCoachesAndAdmins>
        <easyModeAlwaysAllowCoachesAndAdmins>false</easyModeAlwaysAllowCoachesAndAdmins>
      </preConditionAccess>
      <scoreCalculator>
        <expertMode>false</expertMode>
        <passedCutValue>0</passedCutValue>
      </scoreCalculator>
    </cn>
    <dirty>false</dirty>
    <deleted>false</deleted>
    <newnode>false</newnode>
  </rootNode>
  <latestPublishTimestamp>1332768650461</latestPublishTimestamp>
  <highestNodeId>9223372036853775807</highestNodeId>
  <version>2</version>
</org.olat.course.tree.CourseEditorTreeModel>